<?xml version="1.0"?>
<link_info>
   <banner>TMS320C55x Linker Unix v4.4.1</banner>
   <copyright>Copyright (c) 1996-2012 Texas Instruments Incorporated</copyright>
   <link_time>0x62a9b83d</link_time>
   <output_file>sin_wave.out</output_file>
   <entry_point>
      <name>_c_int00</name>
      <address>0x218a9</address>
   </entry_point>
   <input_file_list>
      <input_file id="fl-2">
         <path>./</path>
         <kind>object</kind>
         <file>main.obj</file>
         <name>main.obj</name>
      </input_file>
      <input_file id="fl-1a">
         <path>/opt/ti/ccsv6/tools/compiler/c5500_4.4.1/lib/</path>
         <kind>archive</kind>
         <file>rts55x.lib</file>
         <name>boot.obj</name>
      </input_file>
      <input_file id="fl-1b">
         <path>/opt/ti/ccsv6/tools/compiler/c5500_4.4.1/lib/</path>
         <kind>archive</kind>
         <file>rts55x.lib</file>
         <name>exit.obj</name>
      </input_file>
      <input_file id="fl-1c">
         <path>/opt/ti/ccsv6/tools/compiler/c5500_4.4.1/lib/</path>
         <kind>archive</kind>
         <file>rts55x.lib</file>
         <name>fputs.obj</name>
      </input_file>
      <input_file id="fl-1d">
         <path>/opt/ti/ccsv6/tools/compiler/c5500_4.4.1/lib/</path>
         <kind>archive</kind>
         <file>rts55x.lib</file>
         <name>lowlev.obj</name>
      </input_file>
      <input_file id="fl-1e">
         <path>/opt/ti/ccsv6/tools/compiler/c5500_4.4.1/lib/</path>
         <kind>archive</kind>
         <file>rts55x.lib</file>
         <name>memcpy.obj</name>
      </input_file>
      <input_file id="fl-1f">
         <path>/opt/ti/ccsv6/tools/compiler/c5500_4.4.1/lib/</path>
         <kind>archive</kind>
         <file>rts55x.lib</file>
         <name>trgdrv.obj</name>
      </input_file>
      <input_file id="fl-20">
         <path>/opt/ti/ccsv6/tools/compiler/c5500_4.4.1/lib/</path>
         <kind>archive</kind>
         <file>rts55x.lib</file>
         <name>trgmsg.obj</name>
      </input_file>
      <input_file id="fl-21">
         <path>/opt/ti/ccsv6/tools/compiler/c5500_4.4.1/lib/</path>
         <kind>archive</kind>
         <file>rts55x.lib</file>
         <name>vectors.obj</name>
      </input_file>
      <input_file id="fl-22">
         <path>/opt/ti/ccsv6/tools/compiler/c5500_4.4.1/lib/</path>
         <kind>archive</kind>
         <file>rts55x.lib</file>
         <name>_io_perm.obj</name>
      </input_file>
      <input_file id="fl-23">
         <path>/opt/ti/ccsv6/tools/compiler/c5500_4.4.1/lib/</path>
         <kind>archive</kind>
         <file>rts55x.lib</file>
         <name>_lock.obj</name>
      </input_file>
      <input_file id="fl-24">
         <path>/opt/ti/ccsv6/tools/compiler/c5500_4.4.1/lib/</path>
         <kind>archive</kind>
         <file>rts55x.lib</file>
         <name>args_main.obj</name>
      </input_file>
      <input_file id="fl-25">
         <path>/opt/ti/ccsv6/tools/compiler/c5500_4.4.1/lib/</path>
         <kind>archive</kind>
         <file>rts55x.lib</file>
         <name>autoinit.obj</name>
      </input_file>
      <input_file id="fl-26">
         <path>/opt/ti/ccsv6/tools/compiler/c5500_4.4.1/lib/</path>
         <kind>archive</kind>
         <file>rts55x.lib</file>
         <name>defs.obj</name>
      </input_file>
      <input_file id="fl-27">
         <path>/opt/ti/ccsv6/tools/compiler/c5500_4.4.1/lib/</path>
         <kind>archive</kind>
         <file>rts55x.lib</file>
         <name>fflush.obj</name>
      </input_file>
      <input_file id="fl-28">
         <path>/opt/ti/ccsv6/tools/compiler/c5500_4.4.1/lib/</path>
         <kind>archive</kind>
         <file>rts55x.lib</file>
         <name>fseek.obj</name>
      </input_file>
      <input_file id="fl-29">
         <path>/opt/ti/ccsv6/tools/compiler/c5500_4.4.1/lib/</path>
         <kind>archive</kind>
         <file>rts55x.lib</file>
         <name>setvbuf.obj</name>
      </input_file>
      <input_file id="fl-2a">
         <path>/opt/ti/ccsv6/tools/compiler/c5500_4.4.1/lib/</path>
         <kind>archive</kind>
         <file>rts55x.lib</file>
         <name>fopen.obj</name>
      </input_file>
      <input_file id="fl-2b">
         <path>/opt/ti/ccsv6/tools/compiler/c5500_4.4.1/lib/</path>
         <kind>archive</kind>
         <file>rts55x.lib</file>
         <name>memory.obj</name>
      </input_file>
      <input_file id="fl-2c">
         <path>/opt/ti/ccsv6/tools/compiler/c5500_4.4.1/lib/</path>
         <kind>archive</kind>
         <file>rts55x.lib</file>
         <name>fclose.obj</name>
      </input_file>
      <input_file id="fl-2d">
         <path>/opt/ti/ccsv6/tools/compiler/c5500_4.4.1/lib/</path>
         <kind>archive</kind>
         <file>rts55x.lib</file>
         <name>remove.obj</name>
      </input_file>
   </input_file_list>
   <object_component_list>
      <object_component id="oc-29">
         <name>.text</name>
         <load_address>0x20000</load_address>
         <run_address>0x20000</run_address>
         <size>0x543</size>
         <input_file_ref idref="fl-1d"/>
      </object_component>
      <object_component id="oc-33">
         <name>.text</name>
         <load_address>0x20543</load_address>
         <run_address>0x20543</run_address>
         <size>0x528</size>
         <input_file_ref idref="fl-1f"/>
      </object_component>
      <object_component id="oc-6a">
         <name>.text</name>
         <load_address>0x20a6b</load_address>
         <run_address>0x20a6b</run_address>
         <size>0x4b5</size>
         <input_file_ref idref="fl-2b"/>
      </object_component>
      <object_component id="oc-64">
         <name>.text</name>
         <load_address>0x20f20</load_address>
         <run_address>0x20f20</run_address>
         <size>0x27f</size>
         <input_file_ref idref="fl-2a"/>
      </object_component>
      <object_component id="oc-24">
         <name>.text</name>
         <load_address>0x2119f</load_address>
         <run_address>0x2119f</run_address>
         <size>0x163</size>
         <input_file_ref idref="fl-1c"/>
      </object_component>
      <object_component id="oc-60">
         <name>.text</name>
         <load_address>0x21302</load_address>
         <run_address>0x21302</run_address>
         <size>0xe6</size>
         <input_file_ref idref="fl-29"/>
      </object_component>
      <object_component id="oc-42">
         <name>.text</name>
         <load_address>0x213e8</load_address>
         <run_address>0x213e8</run_address>
         <size>0xdd</size>
         <input_file_ref idref="fl-22"/>
      </object_component>
      <object_component id="oc-58">
         <name>.text</name>
         <load_address>0x214c5</load_address>
         <run_address>0x214c5</run_address>
         <size>0xc2</size>
         <input_file_ref idref="fl-27"/>
      </object_component>
      <object_component id="oc-3b">
         <name>.text:CIO_breakpoint</name>
         <load_address>0x21587</load_address>
         <run_address>0x21587</run_address>
         <size>0xba</size>
         <input_file_ref idref="fl-20"/>
      </object_component>
      <object_component id="oc-71">
         <name>.text</name>
         <load_address>0x21641</load_address>
         <run_address>0x21641</run_address>
         <size>0x7b</size>
         <input_file_ref idref="fl-2c"/>
      </object_component>
      <object_component id="oc-38">
         <name>.text</name>
         <load_address>0x216bc</load_address>
         <run_address>0x216bc</run_address>
         <size>0x6d</size>
         <input_file_ref idref="fl-20"/>
      </object_component>
      <object_component id="oc-5c">
         <name>.text</name>
         <load_address>0x21729</load_address>
         <run_address>0x21729</run_address>
         <size>0x6b</size>
         <input_file_ref idref="fl-28"/>
      </object_component>
      <object_component id="oc-50">
         <name>.text</name>
         <load_address>0x21794</load_address>
         <run_address>0x21794</run_address>
         <size>0x4d</size>
         <input_file_ref idref="fl-25"/>
      </object_component>
      <object_component id="oc-4c">
         <name>.text</name>
         <load_address>0x217e1</load_address>
         <run_address>0x217e1</run_address>
         <size>0x4b</size>
         <input_file_ref idref="fl-24"/>
      </object_component>
      <object_component id="oc-2f">
         <name>.text</name>
         <load_address>0x2182c</load_address>
         <run_address>0x2182c</run_address>
         <size>0x3f</size>
         <input_file_ref idref="fl-1e"/>
      </object_component>
      <object_component id="oc-1d">
         <name>.text</name>
         <load_address>0x2186b</load_address>
         <run_address>0x2186b</run_address>
         <size>0x3e</size>
         <input_file_ref idref="fl-1b"/>
      </object_component>
      <object_component id="oc-10">
         <name>.text</name>
         <load_address>0x218a9</load_address>
         <run_address>0x218a9</run_address>
         <size>0x34</size>
         <input_file_ref idref="fl-1a"/>
      </object_component>
      <object_component id="oc-12">
         <name>.text</name>
         <load_address>0x218dd</load_address>
         <run_address>0x218dd</run_address>
         <size>0x13</size>
         <input_file_ref idref="fl-2"/>
      </object_component>
      <object_component id="oc-46">
         <name>.text</name>
         <load_address>0x218f0</load_address>
         <run_address>0x218f0</run_address>
         <size>0x12</size>
         <input_file_ref idref="fl-23"/>
      </object_component>
      <object_component id="oc-75">
         <name>.text</name>
         <load_address>0x21902</load_address>
         <run_address>0x21902</run_address>
         <size>0xa</size>
         <input_file_ref idref="fl-2d"/>
      </object_component>
      <object_component id="oc-21">
         <name>.text:CIO_breakpoint</name>
         <load_address>0x2190c</load_address>
         <run_address>0x2190c</run_address>
         <size>0x7</size>
         <input_file_ref idref="fl-1b"/>
      </object_component>
      <object_component id="oc-3e">
         <name>.text</name>
         <load_address>0x21913</load_address>
         <run_address>0x21913</run_address>
         <size>0x2</size>
         <input_file_ref idref="fl-21"/>
      </object_component>
      <object_component id="oc-19">
         <name>.stack</name>
         <uninitialized>true</uninitialized>
         <run_address>0xc0</run_address>
         <size>0x0</size>
         <input_file_ref idref="fl-1a"/>
      </object_component>
      <object_component id="oc-91">
         <name>.stack</name>
         <uninitialized>true</uninitialized>
         <run_address>0xc0</run_address>
         <size>0x0</size>
      </object_component>
      <object_component id="oc-79">
         <name>.sysstack</name>
         <uninitialized>true</uninitialized>
         <run_address>0x20c0</run_address>
         <size>0x0</size>
         <input_file_ref idref="fl-1a"/>
      </object_component>
      <object_component id="oc-93">
         <name>.sysstack</name>
         <uninitialized>true</uninitialized>
         <run_address>0x20c0</run_address>
         <size>0x0</size>
      </object_component>
      <object_component id="oc-54">
         <name>.bss</name>
         <uninitialized>true</uninitialized>
         <run_address>0x50c0</run_address>
         <size>0x232</size>
         <input_file_ref idref="fl-26"/>
      </object_component>
      <object_component id="oc-34">
         <name>.bss</name>
         <uninitialized>true</uninitialized>
         <run_address>0x52f2</run_address>
         <size>0x1a0</size>
         <input_file_ref idref="fl-1f"/>
      </object_component>
      <object_component id="oc-65">
         <name>.bss</name>
         <uninitialized>true</uninitialized>
         <run_address>0x5492</run_address>
         <size>0x2</size>
         <input_file_ref idref="fl-2a"/>
      </object_component>
      <object_component id="oc-2a">
         <name>.bss</name>
         <uninitialized>true</uninitialized>
         <run_address>0x5494</run_address>
         <size>0xe2</size>
         <input_file_ref idref="fl-1d"/>
      </object_component>
      <object_component id="oc-13">
         <name>.bss</name>
         <uninitialized>true</uninitialized>
         <run_address>0x5576</run_address>
         <size>0xc8</size>
         <input_file_ref idref="fl-2"/>
      </object_component>
      <object_component id="oc-6b">
         <name>.bss</name>
         <uninitialized>true</uninitialized>
         <run_address>0x5640</run_address>
         <size>0xc</size>
         <input_file_ref idref="fl-2b"/>
      </object_component>
      <object_component id="oc-47">
         <name>.bss</name>
         <uninitialized>true</uninitialized>
         <run_address>0x564c</run_address>
         <size>0x8</size>
         <input_file_ref idref="fl-23"/>
      </object_component>
      <object_component id="oc-1e">
         <name>.bss</name>
         <uninitialized>true</uninitialized>
         <run_address>0x5654</run_address>
         <size>0x8</size>
         <input_file_ref idref="fl-1b"/>
      </object_component>
      <object_component id="oc-15">
         <name>.const:.string</name>
         <load_address>0x565c</load_address>
         <run_address>0x565c</run_address>
         <size>0x38</size>
         <input_file_ref idref="fl-2"/>
      </object_component>
      <object_component id="oc-26">
         <name>.const:.string</name>
         <load_address>0x5694</load_address>
         <run_address>0x5694</run_address>
         <size>0x4</size>
         <input_file_ref idref="fl-1c"/>
      </object_component>
      <object_component id="oc-6e">
         <name>.sysmem</name>
         <uninitialized>true</uninitialized>
         <run_address>0x30c0</run_address>
         <size>0x0</size>
         <input_file_ref idref="fl-2b"/>
      </object_component>
      <object_component id="oc-92">
         <name>.sysmem</name>
         <uninitialized>true</uninitialized>
         <run_address>0x30c0</run_address>
         <size>0x0</size>
      </object_component>
      <object_component id="oc-2c">
         <name>.cinit</name>
         <load_address>0x40240</load_address>
         <run_address>0x40240</run_address>
         <size>0x5a</size>
         <input_file_ref idref="fl-1d"/>
      </object_component>
      <object_component id="oc-56">
         <name>.cinit</name>
         <load_address>0x4029a</load_address>
         <run_address>0x4029a</run_address>
         <size>0x54</size>
         <input_file_ref idref="fl-26"/>
      </object_component>
      <object_component id="oc-49">
         <name>.cinit</name>
         <load_address>0x402ee</load_address>
         <run_address>0x402ee</run_address>
         <size>0x14</size>
         <input_file_ref idref="fl-23"/>
      </object_component>
      <object_component id="oc-20">
         <name>.cinit</name>
         <load_address>0x40302</load_address>
         <run_address>0x40302</run_address>
         <size>0x14</size>
         <input_file_ref idref="fl-1b"/>
      </object_component>
      <object_component id="oc-67">
         <name>.cinit</name>
         <load_address>0x40316</load_address>
         <run_address>0x40316</run_address>
         <size>0x8</size>
         <input_file_ref idref="fl-2a"/>
      </object_component>
      <object_component id="oc-6d">
         <name>.cinit</name>
         <load_address>0x4031e</load_address>
         <run_address>0x4031e</run_address>
         <size>0x8</size>
         <input_file_ref idref="fl-2b"/>
      </object_component>
      <object_component id="oc-3a">
         <name>.cio</name>
         <uninitialized>true</uninitialized>
         <run_address>0x40000</run_address>
         <size>0x240</size>
         <input_file_ref idref="fl-20"/>
      </object_component>
      <object_component id="oc-11">
         <name>vectors</name>
         <load_address>0x4fe00</load_address>
         <run_address>0x4fe00</run_address>
         <size>0x100</size>
         <input_file_ref idref="fl-21"/>
      </object_component>
      <object_component id="oc-14">
         <name>.debug_info</name>
         <load_address>0x0</load_address>
         <run_address>0x0</run_address>
         <size>0x58d</size>
         <input_file_ref idref="fl-2"/>
      </object_component>
      <object_component id="oc-1a">
         <name>.debug_info</name>
         <load_address>0x58d</load_address>
         <run_address>0x58d</run_address>
         <size>0xe8</size>
         <input_file_ref idref="fl-1a"/>
      </object_component>
      <object_component id="oc-1f">
         <name>.debug_info</name>
         <load_address>0x675</load_address>
         <run_address>0x675</run_address>
         <size>0x5fb</size>
         <input_file_ref idref="fl-1b"/>
      </object_component>
      <object_component id="oc-25">
         <name>.debug_info</name>
         <load_address>0xc70</load_address>
         <run_address>0xc70</run_address>
         <size>0x942</size>
         <input_file_ref idref="fl-1c"/>
      </object_component>
      <object_component id="oc-2b">
         <name>.debug_info</name>
         <load_address>0x15b2</load_address>
         <run_address>0x15b2</run_address>
         <size>0x144b</size>
         <input_file_ref idref="fl-1d"/>
      </object_component>
      <object_component id="oc-30">
         <name>.debug_info</name>
         <load_address>0x29fd</load_address>
         <run_address>0x29fd</run_address>
         <size>0xd1</size>
         <input_file_ref idref="fl-1e"/>
      </object_component>
      <object_component id="oc-35">
         <name>.debug_info</name>
         <load_address>0x2ace</load_address>
         <run_address>0x2ace</run_address>
         <size>0xed4</size>
         <input_file_ref idref="fl-1f"/>
      </object_component>
      <object_component id="oc-39">
         <name>.debug_info</name>
         <load_address>0x39a2</load_address>
         <run_address>0x39a2</run_address>
         <size>0x744</size>
         <input_file_ref idref="fl-20"/>
      </object_component>
      <object_component id="oc-3f">
         <name>.debug_info</name>
         <load_address>0x40e6</load_address>
         <run_address>0x40e6</run_address>
         <size>0xbc</size>
         <input_file_ref idref="fl-21"/>
      </object_component>
      <object_component id="oc-43">
         <name>.debug_info</name>
         <load_address>0x41a2</load_address>
         <run_address>0x41a2</run_address>
         <size>0x662</size>
         <input_file_ref idref="fl-22"/>
      </object_component>
      <object_component id="oc-48">
         <name>.debug_info</name>
         <load_address>0x4804</load_address>
         <run_address>0x4804</run_address>
         <size>0x5bc</size>
         <input_file_ref idref="fl-23"/>
      </object_component>
      <object_component id="oc-4d">
         <name>.debug_info</name>
         <load_address>0x4dc0</load_address>
         <run_address>0x4dc0</run_address>
         <size>0x586</size>
         <input_file_ref idref="fl-24"/>
      </object_component>
      <object_component id="oc-51">
         <name>.debug_info</name>
         <load_address>0x5346</load_address>
         <run_address>0x5346</run_address>
         <size>0xcd</size>
         <input_file_ref idref="fl-25"/>
      </object_component>
      <object_component id="oc-55">
         <name>.debug_info</name>
         <load_address>0x5413</load_address>
         <run_address>0x5413</run_address>
         <size>0x57e</size>
         <input_file_ref idref="fl-26"/>
      </object_component>
      <object_component id="oc-59">
         <name>.debug_info</name>
         <load_address>0x5991</load_address>
         <run_address>0x5991</run_address>
         <size>0x706</size>
         <input_file_ref idref="fl-27"/>
      </object_component>
      <object_component id="oc-5d">
         <name>.debug_info</name>
         <load_address>0x6097</load_address>
         <run_address>0x6097</run_address>
         <size>0x5f7</size>
         <input_file_ref idref="fl-28"/>
      </object_component>
      <object_component id="oc-61">
         <name>.debug_info</name>
         <load_address>0x668e</load_address>
         <run_address>0x668e</run_address>
         <size>0x64a</size>
         <input_file_ref idref="fl-29"/>
      </object_component>
      <object_component id="oc-66">
         <name>.debug_info</name>
         <load_address>0x6cd8</load_address>
         <run_address>0x6cd8</run_address>
         <size>0xa1c</size>
         <input_file_ref idref="fl-2a"/>
      </object_component>
      <object_component id="oc-6c">
         <name>.debug_info</name>
         <load_address>0x76f4</load_address>
         <run_address>0x76f4</run_address>
         <size>0xb97</size>
         <input_file_ref idref="fl-2b"/>
      </object_component>
      <object_component id="oc-72">
         <name>.debug_info</name>
         <load_address>0x828b</load_address>
         <run_address>0x828b</run_address>
         <size>0x64f</size>
         <input_file_ref idref="fl-2c"/>
      </object_component>
      <object_component id="oc-76">
         <name>.debug_info</name>
         <load_address>0x88da</load_address>
         <run_address>0x88da</run_address>
         <size>0x510</size>
         <input_file_ref idref="fl-2d"/>
      </object_component>
      <object_component id="oc-99">
         <name>.debug_info</name>
         <load_address>0x8dea</load_address>
         <run_address>0x8dea</run_address>
         <size>0x70</size>
      </object_component>
      <object_component id="oc-16">
         <name>.debug_frame</name>
         <load_address>0x0</load_address>
         <run_address>0x0</run_address>
         <size>0xf7</size>
         <input_file_ref idref="fl-2"/>
      </object_component>
      <object_component id="oc-17">
         <name>.debug_line</name>
         <load_address>0x0</load_address>
         <run_address>0x0</run_address>
         <size>0x59</size>
         <input_file_ref idref="fl-2"/>
      </object_component>
      <object_component id="oc-1b">
         <name>.debug_line</name>
         <load_address>0x59</load_address>
         <run_address>0x59</run_address>
         <size>0x54</size>
         <input_file_ref idref="fl-1a"/>
      </object_component>
      <object_component id="oc-22">
         <name>.debug_line</name>
         <load_address>0xad</load_address>
         <run_address>0xad</run_address>
         <size>0x51</size>
         <input_file_ref idref="fl-1b"/>
      </object_component>
      <object_component id="oc-27">
         <name>.debug_line</name>
         <load_address>0xfe</load_address>
         <run_address>0xfe</run_address>
         <size>0xa8</size>
         <input_file_ref idref="fl-1c"/>
      </object_component>
      <object_component id="oc-2d">
         <name>.debug_line</name>
         <load_address>0x1a6</load_address>
         <run_address>0x1a6</run_address>
         <size>0x1b0</size>
         <input_file_ref idref="fl-1d"/>
      </object_component>
      <object_component id="oc-31">
         <name>.debug_line</name>
         <load_address>0x356</load_address>
         <run_address>0x356</run_address>
         <size>0x4d</size>
         <input_file_ref idref="fl-1e"/>
      </object_component>
      <object_component id="oc-36">
         <name>.debug_line</name>
         <load_address>0x3a3</load_address>
         <run_address>0x3a3</run_address>
         <size>0x15d</size>
         <input_file_ref idref="fl-1f"/>
      </object_component>
      <object_component id="oc-3c">
         <name>.debug_line</name>
         <load_address>0x500</load_address>
         <run_address>0x500</run_address>
         <size>0x6a</size>
         <input_file_ref idref="fl-20"/>
      </object_component>
      <object_component id="oc-40">
         <name>.debug_line</name>
         <load_address>0x56a</load_address>
         <run_address>0x56a</run_address>
         <size>0x37</size>
         <input_file_ref idref="fl-21"/>
      </object_component>
      <object_component id="oc-44">
         <name>.debug_line</name>
         <load_address>0x5a1</load_address>
         <run_address>0x5a1</run_address>
         <size>0x57</size>
         <input_file_ref idref="fl-22"/>
      </object_component>
      <object_component id="oc-4a">
         <name>.debug_line</name>
         <load_address>0x5f8</load_address>
         <run_address>0x5f8</run_address>
         <size>0x57</size>
         <input_file_ref idref="fl-23"/>
      </object_component>
      <object_component id="oc-4e">
         <name>.debug_line</name>
         <load_address>0x64f</load_address>
         <run_address>0x64f</run_address>
         <size>0x41</size>
         <input_file_ref idref="fl-24"/>
      </object_component>
      <object_component id="oc-52">
         <name>.debug_line</name>
         <load_address>0x690</load_address>
         <run_address>0x690</run_address>
         <size>0x55</size>
         <input_file_ref idref="fl-25"/>
      </object_component>
      <object_component id="oc-5a">
         <name>.debug_line</name>
         <load_address>0x6e5</load_address>
         <run_address>0x6e5</run_address>
         <size>0x5b</size>
         <input_file_ref idref="fl-27"/>
      </object_component>
      <object_component id="oc-5e">
         <name>.debug_line</name>
         <load_address>0x740</load_address>
         <run_address>0x740</run_address>
         <size>0x3c</size>
         <input_file_ref idref="fl-28"/>
      </object_component>
      <object_component id="oc-62">
         <name>.debug_line</name>
         <load_address>0x77c</load_address>
         <run_address>0x77c</run_address>
         <size>0x3f</size>
         <input_file_ref idref="fl-29"/>
      </object_component>
      <object_component id="oc-68">
         <name>.debug_line</name>
         <load_address>0x7bb</load_address>
         <run_address>0x7bb</run_address>
         <size>0xd7</size>
         <input_file_ref idref="fl-2a"/>
      </object_component>
      <object_component id="oc-6f">
         <name>.debug_line</name>
         <load_address>0x892</load_address>
         <run_address>0x892</run_address>
         <size>0x112</size>
         <input_file_ref idref="fl-2b"/>
      </object_component>
      <object_component id="oc-73">
         <name>.debug_line</name>
         <load_address>0x9a4</load_address>
         <run_address>0x9a4</run_address>
         <size>0x3d</size>
         <input_file_ref idref="fl-2c"/>
      </object_component>
      <object_component id="oc-77">
         <name>.debug_line</name>
         <load_address>0x9e1</load_address>
         <run_address>0x9e1</run_address>
         <size>0x39</size>
         <input_file_ref idref="fl-2d"/>
      </object_component>
      <object_component id="oc-18">
         <name>.debug_abbrev</name>
         <load_address>0x0</load_address>
         <run_address>0x0</run_address>
         <size>0x109</size>
         <input_file_ref idref="fl-2"/>
      </object_component>
      <object_component id="oc-1c">
         <name>.debug_abbrev</name>
         <load_address>0x109</load_address>
         <run_address>0x109</run_address>
         <size>0x3a</size>
         <input_file_ref idref="fl-1a"/>
      </object_component>
      <object_component id="oc-23">
         <name>.debug_abbrev</name>
         <load_address>0x143</load_address>
         <run_address>0x143</run_address>
         <size>0xf7</size>
         <input_file_ref idref="fl-1b"/>
      </object_component>
      <object_component id="oc-28">
         <name>.debug_abbrev</name>
         <load_address>0x23a</load_address>
         <run_address>0x23a</run_address>
         <size>0x140</size>
         <input_file_ref idref="fl-1c"/>
      </object_component>
      <object_component id="oc-2e">
         <name>.debug_abbrev</name>
         <load_address>0x37a</load_address>
         <run_address>0x37a</run_address>
         <size>0x225</size>
         <input_file_ref idref="fl-1d"/>
      </object_component>
      <object_component id="oc-32">
         <name>.debug_abbrev</name>
         <load_address>0x59f</load_address>
         <run_address>0x59f</run_address>
         <size>0x38</size>
         <input_file_ref idref="fl-1e"/>
      </object_component>
      <object_component id="oc-37">
         <name>.debug_abbrev</name>
         <load_address>0x5d7</load_address>
         <run_address>0x5d7</run_address>
         <size>0x15a</size>
         <input_file_ref idref="fl-1f"/>
      </object_component>
      <object_component id="oc-3d">
         <name>.debug_abbrev</name>
         <load_address>0x731</load_address>
         <run_address>0x731</run_address>
         <size>0xde</size>
         <input_file_ref idref="fl-20"/>
      </object_component>
      <object_component id="oc-41">
         <name>.debug_abbrev</name>
         <load_address>0x80f</load_address>
         <run_address>0x80f</run_address>
         <size>0x26</size>
         <input_file_ref idref="fl-21"/>
      </object_component>
      <object_component id="oc-45">
         <name>.debug_abbrev</name>
         <load_address>0x835</load_address>
         <run_address>0x835</run_address>
         <size>0xd1</size>
         <input_file_ref idref="fl-22"/>
      </object_component>
      <object_component id="oc-4b">
         <name>.debug_abbrev</name>
         <load_address>0x906</load_address>
         <run_address>0x906</run_address>
         <size>0x9f</size>
         <input_file_ref idref="fl-23"/>
      </object_component>
      <object_component id="oc-4f">
         <name>.debug_abbrev</name>
         <load_address>0x9a5</load_address>
         <run_address>0x9a5</run_address>
         <size>0xec</size>
         <input_file_ref idref="fl-24"/>
      </object_component>
      <object_component id="oc-53">
         <name>.debug_abbrev</name>
         <load_address>0xa91</load_address>
         <run_address>0xa91</run_address>
         <size>0x44</size>
         <input_file_ref idref="fl-25"/>
      </object_component>
      <object_component id="oc-57">
         <name>.debug_abbrev</name>
         <load_address>0xad5</load_address>
         <run_address>0xad5</run_address>
         <size>0x83</size>
         <input_file_ref idref="fl-26"/>
      </object_component>
      <object_component id="oc-5b">
         <name>.debug_abbrev</name>
         <load_address>0xb58</load_address>
         <run_address>0xb58</run_address>
         <size>0x136</size>
         <input_file_ref idref="fl-27"/>
      </object_component>
      <object_component id="oc-5f">
         <name>.debug_abbrev</name>
         <load_address>0xc8e</load_address>
         <run_address>0xc8e</run_address>
         <size>0xd1</size>
         <input_file_ref idref="fl-28"/>
      </object_component>
      <object_component id="oc-63">
         <name>.debug_abbrev</name>
         <load_address>0xd5f</load_address>
         <run_address>0xd5f</run_address>
         <size>0x10b</size>
         <input_file_ref idref="fl-29"/>
      </object_component>
      <object_component id="oc-69">
         <name>.debug_abbrev</name>
         <load_address>0xe6a</load_address>
         <run_address>0xe6a</run_address>
         <size>0x1a2</size>
         <input_file_ref idref="fl-2a"/>
      </object_component>
      <object_component id="oc-70">
         <name>.debug_abbrev</name>
         <load_address>0x100c</load_address>
         <run_address>0x100c</run_address>
         <size>0x1de</size>
         <input_file_ref idref="fl-2b"/>
      </object_component>
      <object_component id="oc-74">
         <name>.debug_abbrev</name>
         <load_address>0x11ea</load_address>
         <run_address>0x11ea</run_address>
         <size>0x118</size>
         <input_file_ref idref="fl-2c"/>
      </object_component>
      <object_component id="oc-78">
         <name>.debug_abbrev</name>
         <load_address>0x1302</load_address>
         <run_address>0x1302</run_address>
         <size>0xbf</size>
         <input_file_ref idref="fl-2d"/>
      </object_component>
      <object_component id="oc-9a">
         <name>.debug_abbrev</name>
         <load_address>0x13c1</load_address>
         <run_address>0x13c1</run_address>
         <size>0xd</size>
      </object_component>
   </object_component_list>
   <logical_group_list>
      <logical_group id="lg-95">
         <name>.text</name>
         <load_address>0x20000</load_address>
         <run_address>0x20000</run_address>
         <size>0x1916</size>
         <contents>
            <object_component_ref idref="oc-29"/>
            <object_component_ref idref="oc-33"/>
            <object_component_ref idref="oc-6a"/>
            <object_component_ref idref="oc-64"/>
            <object_component_ref idref="oc-24"/>
            <object_component_ref idref="oc-60"/>
            <object_component_ref idref="oc-42"/>
            <object_component_ref idref="oc-58"/>
            <object_component_ref idref="oc-3b"/>
            <object_component_ref idref="oc-71"/>
            <object_component_ref idref="oc-38"/>
            <object_component_ref idref="oc-5c"/>
            <object_component_ref idref="oc-50"/>
            <object_component_ref idref="oc-4c"/>
            <object_component_ref idref="oc-2f"/>
            <object_component_ref idref="oc-1d"/>
            <object_component_ref idref="oc-10"/>
            <object_component_ref idref="oc-12"/>
            <object_component_ref idref="oc-46"/>
            <object_component_ref idref="oc-75"/>
            <object_component_ref idref="oc-21"/>
            <object_component_ref idref="oc-3e"/>
         </contents>
      </logical_group>
      <split_section id="lg-2">
         <name>.text</name>
         <contents>
            <logical_group_ref idref="lg-95"/>
         </contents>
      </split_section>
      <logical_group id="lg-3">
         <name>.stack</name>
         <run_address>0xc0</run_address>
         <size>0x2000</size>
         <contents>
            <object_component_ref idref="oc-19"/>
            <object_component_ref idref="oc-91"/>
         </contents>
      </logical_group>
      <logical_group id="lg-4">
         <name>.sysstack</name>
         <run_address>0x20c0</run_address>
         <size>0x1000</size>
         <contents>
            <object_component_ref idref="oc-79"/>
            <object_component_ref idref="oc-93"/>
         </contents>
      </logical_group>
      <logical_group id="lg-5">
         <name>.data</name>
         <run_address>0xc0</run_address>
         <size>0x0</size>
         <contents>
         </contents>
      </logical_group>
      <logical_group id="lg-96">
         <name>.bss.1</name>
         <run_address>0x50c0</run_address>
         <size>0x57e</size>
         <contents>
            <object_component_ref idref="oc-54"/>
            <object_component_ref idref="oc-34"/>
            <object_component_ref idref="oc-65"/>
            <object_component_ref idref="oc-2a"/>
            <object_component_ref idref="oc-13"/>
         </contents>
      </logical_group>
      <logical_group id="lg-97">
         <name>.bss.2</name>
         <run_address>0x5640</run_address>
         <size>0x1c</size>
         <contents>
            <object_component_ref idref="oc-6b"/>
            <object_component_ref idref="oc-47"/>
            <object_component_ref idref="oc-1e"/>
         </contents>
      </logical_group>
      <split_section id="lg-6">
         <name>.bss</name>
         <contents>
            <logical_group_ref idref="lg-96"/>
            <logical_group_ref idref="lg-97"/>
         </contents>
      </split_section>
      <logical_group id="lg-98">
         <name>.const</name>
         <load_address>0x565c</load_address>
         <run_address>0x565c</run_address>
         <size>0x3c</size>
         <contents>
            <object_component_ref idref="oc-15"/>
            <object_component_ref idref="oc-26"/>
         </contents>
      </logical_group>
      <split_section id="lg-7">
         <name>.const</name>
         <contents>
            <logical_group_ref idref="lg-98"/>
         </contents>
      </split_section>
      <logical_group id="lg-8">
         <name>.sysmem</name>
         <run_address>0x30c0</run_address>
         <size>0x2000</size>
         <contents>
            <object_component_ref idref="oc-6e"/>
            <object_component_ref idref="oc-92"/>
         </contents>
      </logical_group>
      <logical_group id="lg-9">
         <name>.switch</name>
         <run_address>0x0</run_address>
         <size>0x0</size>
         <contents>
         </contents>
      </logical_group>
      <logical_group id="lg-a">
         <name>.cinit</name>
         <load_address>0x40240</load_address>
         <run_address>0x40240</run_address>
         <size>0xe8</size>
         <contents>
            <object_component_ref idref="oc-2c"/>
            <object_component_ref idref="oc-56"/>
            <object_component_ref idref="oc-49"/>
            <object_component_ref idref="oc-20"/>
            <object_component_ref idref="oc-67"/>
            <object_component_ref idref="oc-6d"/>
         </contents>
      </logical_group>
      <logical_group id="lg-b">
         <name>.pinit</name>
         <run_address>0x0</run_address>
         <size>0x0</size>
         <contents>
         </contents>
      </logical_group>
      <logical_group id="lg-c">
         <name>.cio</name>
         <run_address>0x40000</run_address>
         <size>0x240</size>
         <contents>
            <object_component_ref idref="oc-3a"/>
         </contents>
      </logical_group>
      <logical_group id="lg-d">
         <name>.args</name>
         <run_address>0x0</run_address>
         <size>0x0</size>
         <contents>
         </contents>
      </logical_group>
      <logical_group id="lg-e">
         <name>vectors</name>
         <load_address>0x4fe00</load_address>
         <run_address>0x4fe00</run_address>
         <size>0x100</size>
         <contents>
            <object_component_ref idref="oc-11"/>
         </contents>
      </logical_group>
      <logical_group id="lg-f">
         <name>.ioport</name>
         <run_address>0x0</run_address>
         <size>0x0</size>
         <contents>
         </contents>
      </logical_group>
      <logical_group id="lg-88">
         <name>.debug_info</name>
         <load_address>0x0</load_address>
         <run_address>0x0</run_address>
         <size>0x8e5a</size>
         <contents>
            <object_component_ref idref="oc-14"/>
            <object_component_ref idref="oc-1a"/>
            <object_component_ref idref="oc-1f"/>
            <object_component_ref idref="oc-25"/>
            <object_component_ref idref="oc-2b"/>
            <object_component_ref idref="oc-30"/>
            <object_component_ref idref="oc-35"/>
            <object_component_ref idref="oc-39"/>
            <object_component_ref idref="oc-3f"/>
            <object_component_ref idref="oc-43"/>
            <object_component_ref idref="oc-48"/>
            <object_component_ref idref="oc-4d"/>
            <object_component_ref idref="oc-51"/>
            <object_component_ref idref="oc-55"/>
            <object_component_ref idref="oc-59"/>
            <object_component_ref idref="oc-5d"/>
            <object_component_ref idref="oc-61"/>
            <object_component_ref idref="oc-66"/>
            <object_component_ref idref="oc-6c"/>
            <object_component_ref idref="oc-72"/>
            <object_component_ref idref="oc-76"/>
            <object_component_ref idref="oc-99"/>
         </contents>
      </logical_group>
      <logical_group id="lg-8a">
         <name>.debug_frame</name>
         <load_address>0x0</load_address>
         <run_address>0x0</run_address>
         <size>0xf7</size>
         <contents>
            <object_component_ref idref="oc-16"/>
         </contents>
      </logical_group>
      <logical_group id="lg-8c">
         <name>.debug_line</name>
         <load_address>0x0</load_address>
         <run_address>0x0</run_address>
         <size>0xa1a</size>
         <contents>
            <object_component_ref idref="oc-17"/>
            <object_component_ref idref="oc-1b"/>
            <object_component_ref idref="oc-22"/>
            <object_component_ref idref="oc-27"/>
            <object_component_ref idref="oc-2d"/>
            <object_component_ref idref="oc-31"/>
            <object_component_ref idref="oc-36"/>
            <object_component_ref idref="oc-3c"/>
            <object_component_ref idref="oc-40"/>
            <object_component_ref idref="oc-44"/>
            <object_component_ref idref="oc-4a"/>
            <object_component_ref idref="oc-4e"/>
            <object_component_ref idref="oc-52"/>
            <object_component_ref idref="oc-5a"/>
            <object_component_ref idref="oc-5e"/>
            <object_component_ref idref="oc-62"/>
            <object_component_ref idref="oc-68"/>
            <object_component_ref idref="oc-6f"/>
            <object_component_ref idref="oc-73"/>
            <object_component_ref idref="oc-77"/>
         </contents>
      </logical_group>
      <logical_group id="lg-8e">
         <name>.debug_abbrev</name>
         <load_address>0x0</load_address>
         <run_address>0x0</run_address>
         <size>0x13ce</size>
         <contents>
            <object_component_ref idref="oc-18"/>
            <object_component_ref idref="oc-1c"/>
            <object_component_ref idref="oc-23"/>
            <object_component_ref idref="oc-28"/>
            <object_component_ref idref="oc-2e"/>
            <object_component_ref idref="oc-32"/>
            <object_component_ref idref="oc-37"/>
            <object_component_ref idref="oc-3d"/>
            <object_component_ref idref="oc-41"/>
            <object_component_ref idref="oc-45"/>
            <object_component_ref idref="oc-4b"/>
            <object_component_ref idref="oc-4f"/>
            <object_component_ref idref="oc-53"/>
            <object_component_ref idref="oc-57"/>
            <object_component_ref idref="oc-5b"/>
            <object_component_ref idref="oc-5f"/>
            <object_component_ref idref="oc-63"/>
            <object_component_ref idref="oc-69"/>
            <object_component_ref idref="oc-70"/>
            <object_component_ref idref="oc-74"/>
            <object_component_ref idref="oc-78"/>
            <object_component_ref idref="oc-9a"/>
         </contents>
      </logical_group>
   </logical_group_list>
   <placement_map>
      <memory_area>
         <name>MMR</name>
         <page_id>0x0</page_id>
         <origin>0x0</origin>
         <length>0xc0</length>
         <used_space>0x0</used_space>
         <unused_space>0xc0</unused_space>
         <attributes>RWIX</attributes>
         <usage_details>
         </usage_details>
      </memory_area>
      <memory_area>
         <name>DARAM0</name>
         <page_id>0x0</page_id>
         <origin>0xc0</origin>
         <length>0xff40</length>
         <used_space>0x55d6</used_space>
         <unused_space>0xa96a</unused_space>
         <attributes>RWIX</attributes>
         <usage_details>
            <allocated_space>
               <start_address>0xc0</start_address>
               <size>0x0</size>
               <logical_group_ref idref="lg-5"/>
            </allocated_space>
            <allocated_space>
               <start_address>0xc0</start_address>
               <size>0x2000</size>
               <logical_group_ref idref="lg-3"/>
            </allocated_space>
            <allocated_space>
               <start_address>0x20c0</start_address>
               <size>0x1000</size>
               <logical_group_ref idref="lg-4"/>
            </allocated_space>
            <allocated_space>
               <start_address>0x30c0</start_address>
               <size>0x2000</size>
               <logical_group_ref idref="lg-8"/>
            </allocated_space>
            <allocated_space>
               <start_address>0x50c0</start_address>
               <size>0x57e</size>
               <logical_group_ref idref="lg-96"/>
            </allocated_space>
            <available_space>
               <start_address>0x563e</start_address>
               <size>0x2</size>
            </available_space>
            <allocated_space>
               <start_address>0x5640</start_address>
               <size>0x1c</size>
               <logical_group_ref idref="lg-97"/>
            </allocated_space>
            <allocated_space>
               <start_address>0x565c</start_address>
               <size>0x3c</size>
               <logical_group_ref idref="lg-98"/>
            </allocated_space>
            <available_space>
               <start_address>0x5698</start_address>
               <size>0xa968</size>
            </available_space>
         </usage_details>
      </memory_area>
      <memory_area>
         <name>SARAM0</name>
         <page_id>0x0</page_id>
         <origin>0x10000</origin>
         <length>0x10000</length>
         <used_space>0x0</used_space>
         <unused_space>0x10000</unused_space>
         <attributes>RWIX</attributes>
         <usage_details>
         </usage_details>
      </memory_area>
      <memory_area>
         <name>SARAM1</name>
         <page_id>0x0</page_id>
         <origin>0x20000</origin>
         <length>0x20000</length>
         <used_space>0x1916</used_space>
         <unused_space>0x1e6ea</unused_space>
         <attributes>RWIX</attributes>
         <usage_details>
            <allocated_space>
               <start_address>0x20000</start_address>
               <size>0x1916</size>
               <logical_group_ref idref="lg-95"/>
            </allocated_space>
            <available_space>
               <start_address>0x21916</start_address>
               <size>0x1e6ea</size>
            </available_space>
         </usage_details>
      </memory_area>
      <memory_area>
         <name>SARAM2</name>
         <page_id>0x0</page_id>
         <origin>0x40000</origin>
         <length>0xfe00</length>
         <used_space>0x328</used_space>
         <unused_space>0xfad8</unused_space>
         <attributes>RWIX</attributes>
         <usage_details>
            <allocated_space>
               <start_address>0x40000</start_address>
               <size>0x240</size>
               <logical_group_ref idref="lg-c"/>
            </allocated_space>
            <allocated_space>
               <start_address>0x40240</start_address>
               <size>0xe8</size>
               <logical_group_ref idref="lg-a"/>
            </allocated_space>
            <available_space>
               <start_address>0x40328</start_address>
               <size>0xfad8</size>
            </available_space>
         </usage_details>
      </memory_area>
      <memory_area>
         <name>VECS</name>
         <page_id>0x0</page_id>
         <origin>0x4fe00</origin>
         <length>0x200</length>
         <used_space>0x100</used_space>
         <unused_space>0x100</unused_space>
         <attributes>RWIX</attributes>
         <usage_details>
            <allocated_space>
               <start_address>0x4fe00</start_address>
               <size>0x100</size>
               <logical_group_ref idref="lg-e"/>
            </allocated_space>
            <available_space>
               <start_address>0x4ff00</start_address>
               <size>0x100</size>
            </available_space>
         </usage_details>
      </memory_area>
      <memory_area>
         <name>PDROM</name>
         <page_id>0x0</page_id>
         <origin>0xff8000</origin>
         <length>0x8000</length>
         <used_space>0x0</used_space>
         <unused_space>0x8000</unused_space>
         <attributes>RIX</attributes>
         <usage_details>
         </usage_details>
      </memory_area>
      <memory_area>
         <name>IOPORT</name>
         <page_id>0x2</page_id>
         <origin>0x0</origin>
         <length>0x20000</length>
         <used_space>0x0</used_space>
         <unused_space>0x20000</unused_space>
         <attributes>RWI</attributes>
         <usage_details>
         </usage_details>
      </memory_area>
   </placement_map>
   <symbol_table>
      <symbol id="sm-0">
         <name>$TI_capability$C5500$CallingConvention</name>
         <value>0x2</value>
      </symbol>
      <symbol id="sm-1">
         <name>$TI_capability$C5500$MemoryModel</name>
         <value>0x2</value>
      </symbol>
      <symbol id="sm-2">
         <name>$TI_capability_requires_rev3</name>
         <value>0x1</value>
      </symbol>
      <symbol id="sm-3">
         <name>cinit</name>
         <value>0x40240</value>
      </symbol>
      <symbol id="sm-4">
         <name>___cinit__</name>
         <value>0x40240</value>
      </symbol>
      <symbol id="sm-5">
         <name>pinit</name>
         <value>0xffffffff</value>
      </symbol>
      <symbol id="sm-6">
         <name>___pinit__</name>
         <value>0xffffffff</value>
      </symbol>
      <symbol id="sm-7">
         <name>binit</name>
         <value>0xffffffff</value>
      </symbol>
      <symbol id="sm-8">
         <name>___binit__</name>
         <value>0xffffffff</value>
      </symbol>
      <symbol id="sm-9">
         <name>__STACK_SIZE</name>
         <value>0x2000</value>
      </symbol>
      <symbol id="sm-a">
         <name>__STACK_END</name>
         <value>0x20c0</value>
      </symbol>
      <symbol id="sm-b">
         <name>__SYSMEM_SIZE</name>
         <value>0x2000</value>
      </symbol>
      <symbol id="sm-c">
         <name>___c_args__</name>
         <value>0xffffffff</value>
      </symbol>
      <symbol id="sm-d">
         <name>__SYSSTACK_SIZE</name>
         <value>0x1000</value>
      </symbol>
      <symbol id="sm-e">
         <name>.text</name>
         <value>0xffffffff</value>
      </symbol>
      <symbol id="sm-f">
         <name>___text__</name>
         <value>0xffffffff</value>
      </symbol>
      <symbol id="sm-10">
         <name>etext</name>
         <value>0xffffffff</value>
      </symbol>
      <symbol id="sm-11">
         <name>___etext__</name>
         <value>0xffffffff</value>
      </symbol>
      <symbol id="sm-12">
         <name>.data</name>
         <value>0xffffffff</value>
      </symbol>
      <symbol id="sm-13">
         <name>___data__</name>
         <value>0xffffffff</value>
      </symbol>
      <symbol id="sm-14">
         <name>edata</name>
         <value>0xffffffff</value>
      </symbol>
      <symbol id="sm-15">
         <name>___edata__</name>
         <value>0xffffffff</value>
      </symbol>
      <symbol id="sm-16">
         <name>.bss</name>
         <value>0xffffffff</value>
      </symbol>
      <symbol id="sm-17">
         <name>___bss__</name>
         <value>0xffffffff</value>
      </symbol>
      <symbol id="sm-18">
         <name>end</name>
         <value>0xffffffff</value>
      </symbol>
      <symbol id="sm-19">
         <name>___end__</name>
         <value>0xffffffff</value>
      </symbol>
      <symbol id="sm-52">
         <name>_main</name>
         <value>0x218dd</value>
         <object_component_ref idref="oc-12"/>
      </symbol>
      <symbol id="sm-53">
         <name>_x</name>
         <value>0x5576</value>
         <object_component_ref idref="oc-13"/>
      </symbol>
      <symbol id="sm-5f">
         <name>__sysstack</name>
         <value>0x20c0</value>
         <object_component_ref idref="oc-79"/>
      </symbol>
      <symbol id="sm-60">
         <name>_c_int00</name>
         <value>0x218a9</value>
         <object_component_ref idref="oc-10"/>
      </symbol>
      <symbol id="sm-61">
         <name>__stack</name>
         <value>0xc0</value>
         <object_component_ref idref="oc-19"/>
      </symbol>
      <symbol id="sm-71">
         <name>C$$EXIT</name>
         <value>0x2190d</value>
         <object_component_ref idref="oc-21"/>
      </symbol>
      <symbol id="sm-72">
         <name>_exit</name>
         <value>0x2186b</value>
         <object_component_ref idref="oc-1d"/>
      </symbol>
      <symbol id="sm-73">
         <name>_abort</name>
         <value>0x2190c</value>
         <object_component_ref idref="oc-21"/>
      </symbol>
      <symbol id="sm-74">
         <name>__cleanup_ptr</name>
         <value>0x5654</value>
         <object_component_ref idref="oc-1e"/>
      </symbol>
      <symbol id="sm-75">
         <name>__dtors_ptr</name>
         <value>0x5658</value>
         <object_component_ref idref="oc-1e"/>
      </symbol>
      <symbol id="sm-83">
         <name>_puts</name>
         <value>0x212d4</value>
         <object_component_ref idref="oc-24"/>
      </symbol>
      <symbol id="sm-84">
         <name>_fputs</name>
         <value>0x2119f</value>
         <object_component_ref idref="oc-24"/>
      </symbol>
      <symbol id="sm-96">
         <name>_add_device</name>
         <value>0x20453</value>
         <object_component_ref idref="oc-29"/>
      </symbol>
      <symbol id="sm-97">
         <name>_rename</name>
         <value>0x20175</value>
         <object_component_ref idref="oc-29"/>
      </symbol>
      <symbol id="sm-98">
         <name>_read</name>
         <value>0x20204</value>
         <object_component_ref idref="oc-29"/>
      </symbol>
      <symbol id="sm-99">
         <name>_unlink</name>
         <value>0x20142</value>
         <object_component_ref idref="oc-29"/>
      </symbol>
      <symbol id="sm-9a">
         <name>_remove_device</name>
         <value>0x201ce</value>
         <object_component_ref idref="oc-29"/>
      </symbol>
      <symbol id="sm-9b">
         <name>_open</name>
         <value>0x202b2</value>
         <object_component_ref idref="oc-29"/>
      </symbol>
      <symbol id="sm-9c">
         <name>_find_registered_device</name>
         <value>0x203d7</value>
         <object_component_ref idref="oc-29"/>
      </symbol>
      <symbol id="sm-9d">
         <name>_lseek</name>
         <value>0x20371</value>
         <object_component_ref idref="oc-29"/>
      </symbol>
      <symbol id="sm-9e">
         <name>_close</name>
         <value>0x203e0</value>
         <object_component_ref idref="oc-29"/>
      </symbol>
      <symbol id="sm-9f">
         <name>_write</name>
         <value>0x20000</value>
         <object_component_ref idref="oc-29"/>
      </symbol>
      <symbol id="sm-a7">
         <name>_memcpy</name>
         <value>0x2182c</value>
         <object_component_ref idref="oc-2f"/>
      </symbol>
      <symbol id="sm-b3">
         <name>_HOSTopen</name>
         <value>0x2084e</value>
         <object_component_ref idref="oc-33"/>
      </symbol>
      <symbol id="sm-b4">
         <name>_HOSTread</name>
         <value>0x207c1</value>
         <object_component_ref idref="oc-33"/>
      </symbol>
      <symbol id="sm-b5">
         <name>_HOSTtime</name>
         <value>0x206b5</value>
         <object_component_ref idref="oc-33"/>
      </symbol>
      <symbol id="sm-b6">
         <name>_getenv</name>
         <value>0x20543</value>
         <object_component_ref idref="oc-33"/>
      </symbol>
      <symbol id="sm-b7">
         <name>_HOSTrename</name>
         <value>0x20713</value>
         <object_component_ref idref="oc-33"/>
      </symbol>
      <symbol id="sm-b8">
         <name>_HOSTclock</name>
         <value>0x20a0d</value>
         <object_component_ref idref="oc-33"/>
      </symbol>
      <symbol id="sm-b9">
         <name>_HOSTwrite</name>
         <value>0x205be</value>
         <object_component_ref idref="oc-33"/>
      </symbol>
      <symbol id="sm-ba">
         <name>_HOSTlseek</name>
         <value>0x208ed</value>
         <object_component_ref idref="oc-33"/>
      </symbol>
      <symbol id="sm-bb">
         <name>_HOSTunlink</name>
         <value>0x2064b</value>
         <object_component_ref idref="oc-33"/>
      </symbol>
      <symbol id="sm-bc">
         <name>_HOSTclose</name>
         <value>0x209a2</value>
         <object_component_ref idref="oc-33"/>
      </symbol>
      <symbol id="sm-ce">
         <name>C$$IO$$</name>
         <value>0x2163c</value>
         <object_component_ref idref="oc-3b"/>
      </symbol>
      <symbol id="sm-cf">
         <name>__CIOBUF_</name>
         <value>0x40000</value>
         <object_component_ref idref="oc-3a"/>
      </symbol>
      <symbol id="sm-d0">
         <name>_readmsg</name>
         <value>0x216bc</value>
         <object_component_ref idref="oc-38"/>
      </symbol>
      <symbol id="sm-d1">
         <name>_writemsg</name>
         <value>0x21587</value>
         <object_component_ref idref="oc-3b"/>
      </symbol>
      <symbol id="sm-db">
         <name>_Reset</name>
         <value>0x4fe00</value>
         <object_component_ref idref="oc-11"/>
      </symbol>
      <symbol id="sm-e5">
         <name>__rd_ok</name>
         <value>0x21468</value>
         <object_component_ref idref="oc-42"/>
      </symbol>
      <symbol id="sm-e6">
         <name>__wrt_ok</name>
         <value>0x213e8</value>
         <object_component_ref idref="oc-42"/>
      </symbol>
      <symbol id="sm-f4">
         <name>__unlock</name>
         <value>0x5650</value>
         <object_component_ref idref="oc-47"/>
      </symbol>
      <symbol id="sm-f5">
         <name>__lock</name>
         <value>0x564c</value>
         <object_component_ref idref="oc-47"/>
      </symbol>
      <symbol id="sm-f6">
         <name>__register_lock</name>
         <value>0x218f8</value>
         <object_component_ref idref="oc-46"/>
      </symbol>
      <symbol id="sm-f7">
         <name>__nop</name>
         <value>0x21900</value>
         <object_component_ref idref="oc-46"/>
      </symbol>
      <symbol id="sm-f8">
         <name>__register_unlock</name>
         <value>0x218f0</value>
         <object_component_ref idref="oc-46"/>
      </symbol>
      <symbol id="sm-102">
         <name>__args_main</name>
         <value>0x217e1</value>
         <object_component_ref idref="oc-4c"/>
      </symbol>
      <symbol id="sm-103">
         <name>__TI_args_main</name>
         <value>0x1</value>
      </symbol>
      <symbol id="sm-10b">
         <name>_auto_init</name>
         <value>0x21794</value>
         <object_component_ref idref="oc-50"/>
      </symbol>
      <symbol id="sm-115">
         <name>__tmpnams</name>
         <value>0x51b0</value>
         <object_component_ref idref="oc-54"/>
      </symbol>
      <symbol id="sm-116">
         <name>__ft_end</name>
         <value>0x52f0</value>
         <object_component_ref idref="oc-54"/>
      </symbol>
      <symbol id="sm-117">
         <name>__ftable</name>
         <value>0x50c0</value>
         <object_component_ref idref="oc-54"/>
      </symbol>
      <symbol id="sm-121">
         <name>__doflush</name>
         <value>0x214c5</value>
         <object_component_ref idref="oc-58"/>
      </symbol>
      <symbol id="sm-122">
         <name>_fflush</name>
         <value>0x2152e</value>
         <object_component_ref idref="oc-58"/>
      </symbol>
      <symbol id="sm-12c">
         <name>_fseek</name>
         <value>0x21729</value>
         <object_component_ref idref="oc-5c"/>
      </symbol>
      <symbol id="sm-136">
         <name>_setvbuf</name>
         <value>0x21302</value>
         <object_component_ref idref="oc-60"/>
      </symbol>
      <symbol id="sm-145">
         <name>__cleanup</name>
         <value>0x21041</value>
         <object_component_ref idref="oc-64"/>
      </symbol>
      <symbol id="sm-146">
         <name>_fopen</name>
         <value>0x21164</value>
         <object_component_ref idref="oc-64"/>
      </symbol>
      <symbol id="sm-147">
         <name>_freopen</name>
         <value>0x2109b</value>
         <object_component_ref idref="oc-64"/>
      </symbol>
      <symbol id="sm-157">
         <name>__sys_memory</name>
         <value>0x30c0</value>
         <object_component_ref idref="oc-6e"/>
      </symbol>
      <symbol id="sm-158">
         <name>_chkheap</name>
         <value>0x20ef2</value>
         <object_component_ref idref="oc-6a"/>
      </symbol>
      <symbol id="sm-159">
         <name>_realloc</name>
         <value>0x20c91</value>
         <object_component_ref idref="oc-6a"/>
      </symbol>
      <symbol id="sm-15a">
         <name>_free_memory</name>
         <value>0x20e9c</value>
         <object_component_ref idref="oc-6a"/>
      </symbol>
      <symbol id="sm-15b">
         <name>_max_free</name>
         <value>0x20e42</value>
         <object_component_ref idref="oc-6a"/>
      </symbol>
      <symbol id="sm-15c">
         <name>_free</name>
         <value>0x20a6b</value>
         <object_component_ref idref="oc-6a"/>
      </symbol>
      <symbol id="sm-15d">
         <name>_calloc</name>
         <value>0x20efa</value>
         <object_component_ref idref="oc-6a"/>
      </symbol>
      <symbol id="sm-15e">
         <name>_malloc</name>
         <value>0x20b9c</value>
         <object_component_ref idref="oc-6a"/>
      </symbol>
      <symbol id="sm-15f">
         <name>_minit</name>
         <value>0x20b37</value>
         <object_component_ref idref="oc-6a"/>
      </symbol>
      <symbol id="sm-169">
         <name>_fclose</name>
         <value>0x21641</value>
         <object_component_ref idref="oc-71"/>
      </symbol>
      <symbol id="sm-173">
         <name>_remove</name>
         <value>0x21902</value>
         <object_component_ref idref="oc-75"/>
      </symbol>
   </symbol_table>
</link_info>
